"","term","estimate","std.error","statistic","p.value"
"1","height",1.84847245478855,0.00240079167642153,769.942878818942,0
