"","term","estimate","std.error","statistic","p.value"
"1","height",1.84627660261947,0.00374270977973548,493.299430432983,0
