"","term","estimate","std.error","statistic","p.value"
"1","height",1.84597837199991,0.00204473934381569,902.793980848008,0
