"","term","estimate","std.error","statistic","p.value"
"1","height",2.01636621210503,0.000641816976789272,3141.65297121311,0
