"","term","estimate","std.error","statistic","p.value"
"1","height",1.7779587727076,0.000720896446568223,2466.31646080578,0
