"","term","estimate","std.error","statistic","p.value"
"1","height",1.93907974054835,0.00119509246347844,1622.53532660097,0
