"","term","estimate","std.error","statistic","p.value"
"1","height",1.96825936046758,0.00281213529687375,699.916310092084,0
