"","term","estimate","std.error","statistic","p.value"
"1","(Intercept)",-26.3737179953268,2.32478680418501,-11.3445748865443,1.10845158796864e-29
"2","height",1.93238730617989,0.0136933879049792,141.118276907736,0
