"","term","estimate","std.error","statistic","p.value"
"1","height",1.96625873742218,0.00271794801815078,723.435004750374,0
