file,quad_1_area,quad_2_area,quad_3_area,quad_all_area,quad_1_area_norm,quad_2_area_norm,quad_3_area_norm,quad_all_area_norm,femur_area,tibia_area,all_area_average,all_area,length,xmax
1.2.840.113619.2.110.210419.20150904160158.2.9.12.1_prediction.png,719,984,756,819.6666666666666,0.009568486542236418,0.013095119273380577,0.010060884319792395,0.010908163378469796,95409.0,54876.0,75142.5,150285.0,28,281
1.2.840.113619.2.110.210419.20150911150314.1.9.12.1_prediction.png,668,692,728,696.0,0.008569156169022757,0.008877030043358904,0.009338840854863124,0.008928342355748261,83967.0,71941.0,77954.0,155908.0,28,282
