"","term","estimate","std.error","statistic","p.value"
"1","height",1.8491615245777,0.000429318990959499,4307.19712735034,0
