"","term","estimate","std.error","statistic","p.value"
"1","height",1.94903917193612,0.00226031487978936,862.286573151153,0
