"","term","estimate","std.error","statistic","p.value"
"1","height",1.95197532938581,0.00188529032926534,1035.37120998571,0
