"","term","estimate","std.error","statistic","p.value"
"1","height",1.7908877613316,0.00145282384347641,1232.69436234351,0
