"","term","estimate","std.error","statistic","p.value"
"1","(Intercept)",-21.730283401222,2.23139781070874,-9.73841746054238,2.40945994898804e-22
"2","height",1.90525384803017,0.0131666810829929,144.702665464507,0
