"","term","estimate","std.error","statistic","p.value"
"1","height",1.77722488511145,0.000725672369980459,2449.07338164096,0
