"","term","estimate","std.error","statistic","p.value"
"1","height",1.94687003167779,0.00239306229023371,813.547578608017,0
