"","term","estimate","std.error","statistic","p.value"
"1","(Intercept)",-41.3009069181532,3.52130114979933,-11.7288766740405,1.93128083445578e-31
"2","height",2.17732941744111,0.0208102359624732,104.627810149172,0
