"","term","estimate","std.error","statistic","p.value"
"1","height",1.9635220478251,0.00251406042442416,781.016251140758,0
