"","term","estimate","std.error","statistic","p.value"
"1","(Intercept)",-6.05716742889257,4.5089441212338,-1.34336715338027,0.179210233804095
"2","height",1.82195105611383,0.0266748670617288,68.3021606779753,0
