"","term","estimate","std.error","statistic","p.value"
"1","(Intercept)",-17.931972547933,4.03490360724792,-4.4442133675069,9.03045929928212e-06
"2","height",1.88648400035922,0.0237746686295715,79.3484876593722,0
