"","term","estimate","std.error","statistic","p.value"
"1","height",1.85003841506757,0.00347360484909211,532.598984467421,0
