"","term","estimate","std.error","statistic","p.value"
"1","height",1.99833688579245,0.00681968093166389,293.02498251995,9.33630565440989e-216
