"","term","estimate","std.error","statistic","p.value"
"1","height",1.87023406227899,0.00968749481834262,193.056522594244,8.93318356744932e-169
