"","term","estimate","std.error","statistic","p.value"
"1","height",1.84881979743886,0.00412593955591617,448.096675286443,0
