"","term","estimate","std.error","statistic","p.value"
"1","height",1.84753409487874,0.00605004219527485,305.375406525543,1.32241718141566e-248
