"","term","estimate","std.error","statistic","p.value"
"1","height",2.01994609713253,0.00239153029787348,844.624924437979,0
