"","term","estimate","std.error","statistic","p.value"
"1","height",2.02633089316877,0.00196370426380449,1031.89208809016,0
