"","term","estimate","std.error","statistic","p.value"
"1","height",1.84808897251293,0.00513418479538251,359.957626413258,0
