"","term","estimate","std.error","statistic","p.value"
"1","height",1.85492378993849,0.00133807212064601,1386.26592791048,0
