"","term","estimate","std.error","statistic","p.value"
"1","height",1.83623103165521,0.00779632124477054,235.525316877736,7.25548250408739e-199
