"","term","estimate","std.error","statistic","p.value"
"1","height",1.84424284134837,0.00543725752477067,339.18622264009,0
