"","term","estimate","std.error","statistic","p.value"
"1","height",2.00606976346131,0.00123242249719012,1627.74516696593,0
