"","term","estimate","std.error","statistic","p.value"
"1","height",1.85273775374778,0.000786567733178358,2355.47134162401,0
