"","term","estimate","std.error","statistic","p.value"
"1","height",1.84791543888237,0.00375511980273512,492.105588092397,0
