"","term","estimate","std.error","statistic","p.value"
"1","height",1.95243518151045,0.00193606503295533,1008.45537121764,0
