"","term","estimate","std.error","statistic","p.value"
"1","(Intercept)",-48.4076351213042,3.72139115286772,-13.0079406148964,4.02623478444202e-38
"2","height",2.2256533398099,0.0220620936980237,100.88132931868,0
