"","term","estimate","std.error","statistic","p.value"
"1","height",1.78150230527907,0.00128876508892078,1382.33283985906,0
