"","term","estimate","std.error","statistic","p.value"
"1","(Intercept)",-7.32026126919596,4.91484979493487,-1.48941708793218,0.136449292078348
"2","height",1.82893509126788,0.0290692012832157,62.9165924941975,0
