"","term","estimate","std.error","statistic","p.value"
"1","height",1.7811818150907,0.00134918554238403,1320.19041053711,0
