"","term","estimate","std.error","statistic","p.value"
"1","height",1.77826737183597,0.000679559630574202,2616.7937173275,0
