"","term","estimate","std.error","statistic","p.value"
"1","(Intercept)",-18.9747185966109,2.09022636542976,-9.07782951666557,1.24489669745428e-19
"2","height",1.8900475036415,0.0123321659171496,153.261601922914,0
