"","term","estimate","std.error","statistic","p.value"
"1","(Intercept)",-23.7014685942627,2.23065395124266,-10.6253453526752,2.93780488353271e-26
"2","height",1.91732823596486,0.0131363199925992,145.956267588264,0
