"","term","estimate","std.error","statistic","p.value"
"1","height",1.94478813090054,0.00244245527879565,796.243086939754,0
