"","term","estimate","std.error","statistic","p.value"
"1","height",1.96927231775052,0.0028216161964237,697.923523492139,0
