"","term","estimate","std.error","statistic","p.value"
"1","height",1.94181831569678,0.00113822961771208,1705.99875937157,0
