"","term","estimate","std.error","statistic","p.value"
"1","(Intercept)",-9.49440617309163,4.52842568703517,-2.09662404315787,0.0360732330066731
"2","height",1.84696759944495,0.0267870862608403,68.9499254028612,0
