"","term","estimate","std.error","statistic","p.value"
"1","(Intercept)",-6.90007913953589,4.80909362926214,-1.43479825336538,0.151411173541552
"2","height",1.83271870312652,0.028424584589652,64.4765342953761,0
