"","term","estimate","std.error","statistic","p.value"
"1","height",1.79199452156627,0.00153325547270875,1168.75142692327,0
