"","term","estimate","std.error","statistic","p.value"
"1","height",1.78256440895936,0.00124195510321923,1435.28892818979,0
