"","term","estimate","std.error","statistic","p.value"
"1","height",1.83691025109473,0.00132693397777583,1384.3267878133,0
