"","term","estimate","std.error","statistic","p.value"
"1","height",1.85508975354481,0.00130937261714794,1416.77756908155,0
