"","term","estimate","std.error","statistic","p.value"
"1","height",1.83794638977518,0.00753835845508965,243.812548942171,9.58050556206347e-165
