"","term","estimate","std.error","statistic","p.value"
"1","height",2.04238434998911,0.00286081552842951,713.916828852755,0
