"","term","estimate","std.error","statistic","p.value"
"1","height",1.85948844747882,0.00693581626375495,268.099438734572,4.77334484926906e-179
