"","term","estimate","std.error","statistic","p.value"
"1","height",1.85700578077515,0.00651321466747017,285.113553841522,5.20930967291729e-223
