"","term","estimate","std.error","statistic","p.value"
"1","height",1.85064295363346,0.00346153972111496,534.629992065313,0
