"","term","estimate","std.error","statistic","p.value"
"1","height",2.04144295040525,0.00286135254723285,713.453835802053,0
