"","term","estimate","std.error","statistic","p.value"
"1","height",2.02321280058104,0.00227030067916046,891.165130307413,0
