"","term","estimate","std.error","statistic","p.value"
"1","height",2.01580709482855,0.00117822764031754,1710.88083987342,0
