"","term","estimate","std.error","statistic","p.value"
"1","height",1.85150363246839,0.000761913979153602,2430.06911951556,0
