"","term","estimate","std.error","statistic","p.value"
"1","height",1.85155814650593,0.00075098183645593,2465.51654996596,0
