"","term","estimate","std.error","statistic","p.value"
"1","height",2.00405456555148,0.00656992758925424,305.034498223285,9.28794861810942e-235
