"","term","estimate","std.error","statistic","p.value"
"1","height",1.91083990527623,0.0087663169999589,217.975223264821,2.62690633227514e-271
