"","term","estimate","std.error","statistic","p.value"
"1","height",1.86788637281336,0.0103194456911789,181.006463788073,3.22278693198545e-183
