"","term","estimate","std.error","statistic","p.value"
"1","height",2.02585300512695,0.001960183055386,1033.50194746378,0
