"","term","estimate","std.error","statistic","p.value"
"1","height",1.84531574203102,0.00550228096728476,335.372866817021,2.67986579405446e-286
