"","term","estimate","std.error","statistic","p.value"
"1","height",1.84530331728798,0.00382816985662311,482.032769286718,0
