"","term","estimate","std.error","statistic","p.value"
"1","height",2.01288688894812,0.00119330679588383,1686.81423410252,0
