"","term","estimate","std.error","statistic","p.value"
"1","height",1.84713521116318,0.00473583036359708,390.034074142851,0
