"","term","estimate","std.error","statistic","p.value"
"1","height",1.84953873346729,0.00150251565650451,1230.96137165725,0
