"","term","estimate","std.error","statistic","p.value"
"1","height",1.77727347370319,0.000751702177734489,2364.33194734064,0
