"","term","estimate","std.error","statistic","p.value"
"1","height",1.9398746403076,0.00258545034050595,750.304351205592,0
