"","term","estimate","std.error","statistic","p.value"
"1","height",1.9400857937471,0.00189061717772957,1026.16532664584,0
