"","term","estimate","std.error","statistic","p.value"
"1","height",1.92987783844287,0.00121930764882688,1582.76530152143,0
