"","term","estimate","std.error","statistic","p.value"
"1","(Intercept)",-39.9136623550154,5.97512627838434,-6.67996967685977,2.97960386373217e-11
"2","height",2.17681258552703,0.0354877733831232,61.3397905252135,0
