"","term","estimate","std.error","statistic","p.value"
"1","height",1.78570139307816,0.0015611761906229,1143.81797762729,0
