"","term","estimate","std.error","statistic","p.value"
"1","height",1.78098250807758,0.00130321506191626,1366.60675595538,0
