"","term","estimate","std.error","statistic","p.value"
"1","height",1.84320419737086,0.00494748339243996,372.553892790702,0
