"","term","estimate","std.error","statistic","p.value"
"1","height",1.85220974649127,0.000783837817593504,2363.00125474658,0
