"","term","estimate","std.error","statistic","p.value"
"1","height",1.85504987276016,0.00137717286763998,1346.99856230765,0
