"","term","estimate","std.error","statistic","p.value"
"1","height",1.83583425699592,0.00647461487576054,283.543390954241,2.98174450912167e-228
