"","term","estimate","std.error","statistic","p.value"
"1","height",2.02517208598228,0.00239063570346101,847.127014396363,0
