"","term","estimate","std.error","statistic","p.value"
"1","height",1.85655412143337,0.00140349603310601,1322.80681786091,0
