"","term","estimate","std.error","statistic","p.value"
"1","height",2.01033437812454,0.00119621561083281,1680.57861803436,0
