"","term","estimate","std.error","statistic","p.value"
"1","height",2.01836091968777,0.00253494477583092,796.214946744225,0
