"","term","estimate","std.error","statistic","p.value"
"1","height",1.85126431015274,0.00366827564081518,504.668812112861,0
