"","term","estimate","std.error","statistic","p.value"
"1","height",1.89120983275147,0.00890730358782593,212.321250095964,3.85027185743078e-296
