"","term","estimate","std.error","statistic","p.value"
"1","height",1.84937186967745,0.00564021691821644,327.89020289352,1.70388830559575e-294
