"","term","estimate","std.error","statistic","p.value"
"1","height",1.8449575354012,0.00773169826472679,238.622547366881,1.72573508238843e-242
