"","term","estimate","std.error","statistic","p.value"
"1","height",1.84710331552197,0.0015587438354934,1184.99478455823,0
