"","term","estimate","std.error","statistic","p.value"
"1","height",2.00112732476236,0.00741934041277442,269.717685593301,3.2421825600588e-171
