"","term","estimate","std.error","statistic","p.value"
"1","height",1.85288284031732,0.00595431659420386,311.183124209584,3.07496595694501e-251
