"","term","estimate","std.error","statistic","p.value"
"1","height",1.83181298547968,0.0014075089238357,1301.45745753972,0
