"","term","estimate","std.error","statistic","p.value"
"1","height",2.01512983978884,0.00198682187175446,1014.2478641074,0
