"","term","estimate","std.error","statistic","p.value"
"1","height",1.84297969401667,0.00423706511030871,434.966101779443,0
