"","term","estimate","std.error","statistic","p.value"
"1","height",1.81726630463033,0.00827375236360268,219.64233696729,7.87385318263816e-167
