"","term","estimate","std.error","statistic","p.value"
"1","height",1.83826807231792,0.00454301064675271,404.636531862828,0
