"","term","estimate","std.error","statistic","p.value"
"1","height",2.00172204804557,0.0068150287854894,293.721730465416,1.38108959500115e-199
