"","term","estimate","std.error","statistic","p.value"
"1","height",2.04250850285438,0.00274297931749167,744.631390338795,0
