"","term","estimate","std.error","statistic","p.value"
"1","height",1.83405729510134,0.00684245263964904,268.04091919815,1.67472558846994e-182
