"","term","estimate","std.error","statistic","p.value"
"1","height",2.01332446776862,0.00212865485804476,945.82006103983,0
