"","term","estimate","std.error","statistic","p.value"
"1","(Intercept)",-41.3983179248028,5.89966197555244,-7.01706607876061,2.90688978474256e-12
"2","height",2.19688640110686,0.034952122283559,62.8541632832478,0
