"","term","estimate","std.error","statistic","p.value"
"1","(Intercept)",-42.9737015605967,3.51123063611132,-12.2389287444216,4.74579159595409e-34
"2","height",2.19562905632017,0.0207684690623883,105.719350315352,0
