"","term","estimate","std.error","statistic","p.value"
"1","height",1.93360944964787,0.00114324989241975,1691.32703398317,0
