"","term","estimate","std.error","statistic","p.value"
"1","height",1.78617002574775,0.00145187130037946,1230.25369072376,0
